idColecao,custo,idFilme,lancamento,bilheteria,duracao,titulo,nota
,55000000.0,13,1994-07-06,677945399.0,142.0,Forrest Gump,8.2
458558.0,52000000.0,11631,2008-07-03,609841637.0,108.0,Mamma Mia!,6.4
,60720000.0,381890,2016-02-08,553810228.0,93.0,The Mermaid,6.2
51509.0,80000000.0,693,2004-12-22,516642939.0,115.0,Meet the Fockers,6.1
86027.0,28000000.0,812,1992-11-25,504050219.0,90.0,Aladdin,7.4
,14000000.0,114,1990-03-23,463000000.0,119.0,Pretty Woman,7.0
,30000000.0,313369,2016-11-29,445435700.0,128.0,La La Land,7.9
50457.0,65000000.0,4564,2008-05-12,415252786.0,145.0,Sex and the City,6.0
,70000000.0,3981,2000-12-15,374111707.0,127.0,What Women Want,6.1
,23000000.0,544,1998-07-15,369884651.0,119.0,There's Something About Mary,6.5
389767.0,5000000.0,8346,2002-02-22,368744044.0,95.0,My Big Fat Greek Wedding,6.2
,70000000.0,8488,2005-02-10,368100420.0,118.0,Hitch,6.3
,42000000.0,509,1999-05-13,363889678.0,124.0,Notting Hill,7.0
43072.0,23000000.0,854,1994-07-29,351583407.0,101.0,The Mask,6.6
,85000000.0,4523,2007-11-20,340487652.0,107.0,Enchanted,6.6
51509.0,55000000.0,1597,2000-10-06,330444045.0,108.0,Meet the Parents,6.6
,35000000.0,350,2006-06-30,326551094.0,109.0,The Devil Wears Prada,7.0
,40000000.0,18240,2009-06-01,317375031.0,108.0,The Proposal,6.7
,50000000.0,2898,1997-12-19,314178011.0,139.0,As Good as It Gets,7.2
51509.0,100000000.0,39451,2010-12-21,310650585.0,98.0,Little Fockers,5.5
,70000000.0,4806,1999-07-30,309457509.0,116.0,Runaway Bride,5.8
,38000000.0,8874,1997-06-19,299288605.0,105.0,My Best Friend's Wedding,6.4
9521.0,7500000.0,9494,1989-10-12,296000000.0,93.0,Look Who's Talking,5.8
,39000000.0,9602,1988-06-28,288752301.0,116.0,Coming to America,6.5
,32500000.0,55721,2011-04-28,288383523.0,125.0,Bridesmaids,6.5
50457.0,100000000.0,37786,2010-05-26,288347692.0,146.0,Sex and the City 2,5.5
2806.0,30000000.0,2770,2001-08-10,287553595.0,108.0,American Pie 2,6.0
,40000000.0,9522,2005-07-14,285176741.0,119.0,Wedding Crashers,6.4
8936.0,25000000.0,634,2001-04-13,281929795.0,97.0,Bridget Jones's Diary,6.6
,50000000.0,9390,1996-12-06,273552592.0,139.0,Jerry Maguire,6.7
,80000000.0,6964,2003-12-12,266728738.0,128.0,Something's Gotta Give,6.3
,6000000.0,712,1994-03-09,254700832.0,117.0,Four Weddings and a Funeral,6.6
,85000000.0,11970,1997-06-26,252712101.0,93.0,Hercules,7.3
,65000000.0,9489,1998-12-17,250821495.0,119.0,You've Got Mail,6.3
,40000000.0,508,2003-09-07,244931766.0,135.0,Love Actually,7.0
,82500000.0,9339,2006-06-22,237681299.0,107.0,Click,6.0
2806.0,11000000.0,2105,1999-07-09,235483004.0,95.0,American Pie,6.4
2806.0,55000000.0,8273,2003-08-01,231449203.0,103.0,American Wedding,6.0
,7500000.0,7326,2007-12-05,231411584.0,96.0,Juno,7.0
,21000000.0,858,1993-06-24,227799884.0,105.0,Sleepless in Seattle,6.5
,85000000.0,22897,2009-12-23,219103655.0,121.0,It's Complicated,6.2
,30000000.0,4964,2007-06-01,219076518.0,129.0,Knocked Up,6.2
,52000000.0,32856,2010-02-10,216485654.0,125.0,Valentine's Day,5.7
,80000000.0,50546,2011-02-10,214918407.0,117.0,Just Go with It,6.3
,80000000.0,10202,2008-12-24,212874442.0,99.0,Bedtime Stories,5.9
,21000000.0,82693,2012-09-08,205738714.0,122.0,Silver Linings Playbook,7.0
,38000000.0,20943,2009-07-24,205298907.0,96.0,The Ugly Truth,6.4
,52000000.0,9767,2006-06-01,204999686.0,106.0,The Break-Up,5.6
,40000000.0,193610,2014-04-16,196781193.0,109.0,The Other Woman,6.2
,75000000.0,1824,2004-02-13,196482882.0,99.0,50 First Dates,6.6
,85000000.0,1581,2006-12-08,194168700.0,136.0,The Holiday,6.7
,85000000.0,3563,2007-07-12,186072214.0,115.0,I Now Pronounce You Chuck & Larry,5.8
,17000000.0,2064,1995-04-21,182057016.0,103.0,While You Were Sleeping,6.5
,30000000.0,11529,2002-09-26,180622424.0,108.0,Sweet Home Alabama,6.1
,50000000.0,9919,2003-02-07,177371441.0,116.0,How to Lose a Guy in 10 Days,6.3
,40000000.0,10184,2009-02-06,177259441.0,129.0,He's Just Not That Into You,6.2
,21000000.0,9576,1982-12-16,177200000.0,116.0,Tootsie,6.9
3169.0,70000000.0,10808,2001-06-22,176104344.0,87.0,Dr. Dolittle 2,4.9
,10000000.0,194,2001-04-25,173921954.0,122.0,Amélie,7.8
,42000000.0,5966,2004-01-16,171963386.0,90.0,Along Came Polly,5.8
,70000000.0,19899,2009-09-19,171844840.0,113.0,Couples Retreat,5.3
,50000000.0,2022,2002-06-28,171269535.0,96.0,Mr. Deeds,5.6
,50000000.0,4380,2004-10-15,170128460.0,107.0,Shall We Dance?,5.9
,35000000.0,9029,2008-05-07,170000000.0,99.0,What Happens in Vegas,5.8
,80000000.0,38317,2011-07-06,169852759.0,102.0,Zookeeper,5.3
107674.0,37000000.0,9880,2001-08-03,165335153.0,115.0,The Princess Diaries,6.5
,70000000.0,6068,1998-06-12,164000000.0,98.0,Six Days Seven Nights,5.6
,80000000.0,12193,2008-11-26,163733697.0,88.0,Four Christmases,5.3
,30000000.0,6557,2008-01-10,160259319.0,111.0,27 Dresses,6.1
,65000000.0,59962,2012-02-14,156974557.0,103.0,This Means War,5.9
,35000000.0,18126,2009-04-10,155545279.0,102.0,Hannah Montana: The Movie,6.0
,55000000.0,7303,2002-12-13,154906693.0,105.0,Maid in Manhattan,5.6
,43000000.0,4379,2005-05-13,154749918.0,101.0,Monster-in-Law,5.6
,50100000.0,256591,2015-02-25,153962963.0,105.0,Focus,6.7
,25000000.0,392,2000-12-14,152500343.0,121.0,Chocolat,6.8
,18000000.0,2280,1988-06-03,151668774.0,104.0,Big,6.9
,30000000.0,59436,2011-05-11,151119219.0,94.0,Midnight in Paris,7.4
,35000000.0,50544,2011-07-21,150483765.0,109.0,Friends with Benefits,6.5
,57000000.0,6073,2001-03-01,147845033.0,123.0,The Mexican,5.8
,25000000.0,41630,2011-01-21,147780440.0,107.0,No Strings Attached,6.1
,40000000.0,11172,2007-02-09,145896422.0,96.0,Music and Lyrics,6.2
,50000000.0,50646,2011-07-29,142851197.0,118.0,"Crazy, Stupid, Love.",7.0
,56000000.0,62838,2011-12-08,142044638.0,118.0,New Year's Eve,5.7
,40000000.0,9889,2001-11-01,141069860.0,114.0,Shallow Hal,5.7
,15000000.0,74643,2011-05-15,133432856.0,100.0,The Artist,7.3
,85000000.0,9722,2005-06-21,131426169.0,102.0,Bewitched,4.8
,54000000.0,1819,2006-07-14,130431368.0,108.0,"You, Me and Dupree",5.4
,27000000.0,245,2002-04-26,129000000.0,101.0,About a Boy,6.6
86028.0,54000000.0,9327,1996-06-26,128769345.0,95.0,The Nutty Professor,5.4
86028.0,84000000.0,12107,2000-07-27,123307945.0,106.0,Nutty Professor II: The Klumps,4.7
,18000000.0,11003,1998-02-13,123306987.0,95.0,The Wedding Singer,6.5
,60000000.0,11775,2003-09-02,119940815.0,100.0,Intolerable Cruelty,5.8
,35000000.0,82654,2013-01-31,116980662.0,97.0,Warm Bodies,6.4
306031.0,17000000.0,114150,2012-09-28,115350426.0,112.0,Pitch Perfect,7.3
,30000000.0,82696,2012-08-07,114281051.0,100.0,Hope Springs,5.8
,45000000.0,6282,2000-07-30,113916474.0,100.0,Coyote Ugly,5.8
,38000000.0,259694,2016-01-21,112343513.0,110.0,How to Be Single,5.9
,70000000.0,8676,2008-02-07,111231041.0,112.0,Fool's Gold,5.4
,16000000.0,9675,2004-10-22,109502303.0,126.0,Sideways,6.9
,26000000.0,6957,2005-08-11,109449237.0,116.0,The 40 Year Old Virgin,6.2
,40000000.0,20048,2009-02-05,108332743.0,104.0,Confessions of a Shopaholic,6.1
,62000000.0,9087,1995-11-17,107879496.0,106.0,The American President,6.5
,38000000.0,38408,2010-10-02,105610124.0,114.0,Life As We Know It,6.6
,30000000.0,9870,2008-04-17,105173115.0,111.0,Forgetting Sarah Marshall,6.4
,28000000.0,3525,1988-12-20,103173635.0,114.0,Working Girl,6.5
,10000000.0,10314,1999-01-29,103166989.0,95.0,She's All That,5.7
,58000000.0,9007,2005-09-16,102854431.0,95.0,Just Like Heaven,6.5
,30000000.0,43347,2010-11-22,102820008.0,112.0,Love & Other Drugs,6.6
,13200000.0,19404,1995-10-20,100000000.0,190.0,Dilwale Dulhania Le Jayenge,9.1
,75000000.0,37821,2010-06-04,98159963.0,100.0,Killers,5.7
176118.0,32000000.0,11637,2005-01-20,97918663.0,95.0,Are We There Yet?,5.2
,50000000.0,228326,2014-10-01,97437106.0,95.0,The Book of Life,7.3
89264.0,25000000.0,10303,1985-12-04,96773200.0,106.0,The Jewel of the Nile,6.0
,37000000.0,10096,2004-04-13,96455697.0,98.0,13 Going on 30,6.3
239430.0,12000000.0,67660,2012-04-16,96070507.0,122.0,Think Like a Man,6.9
170754.0,7000000.0,13665,1981-07-17,95461682.0,97.0,Arthur,6.5
107674.0,40000000.0,11130,2004-08-06,95149435.0,113.0,The Princess Diaries 2: Royal Engagement,6.0
,75000000.0,1641,1999-03-12,93888180.0,105.0,Forces of Nature,5.1
,60000000.0,2642,2002-12-19,93354918.0,101.0,Two Weeks Notice,5.9
,16000000.0,639,1989-07-21,92823546.0,96.0,When Harry Met Sally...,7.3
,50000000.0,2976,2007-07-13,90450008.0,117.0,Hairspray,6.5
,48000000.0,1636,2000-10-19,90383208.0,93.0,Bedazzled,5.6
389767.0,18000000.0,302688,2016-03-23,88923251.0,94.0,My Big Fat Greek Wedding 2,5.6
89264.0,10000000.0,9326,1984-03-30,86572238.0,106.0,Romancing the Stone,6.6
,12899867.0,219,2006-03-16,85582407.0,121.0,Volver,7.3
,40000000.0,10761,2008-05-02,84601681.0,101.0,Made of Honor,6.0
,25000000.0,11355,1999-04-09,84565230.0,107.0,Never Been Kissed,5.8
,16000000.0,31357,1995-12-22,81452156.0,127.0,Waiting to Exhale,6.1
,4881000.0,188183,2013-03-20,81350000.0,123.0,Finding Mr. Right,6.3
,40000000.0,76494,2012-05-17,79700000.0,110.0,What to Expect When You're Expecting,5.8
,4800000.0,338,2003-02-09,79384880.0,121.0,"Good bye, Lenin!",7.4
,48000000.0,1389,1998-06-26,77745568.0,123.0,Out of Sight,6.5
,28000000.0,9778,2001-10-05,77516304.0,90.0,Serendipity,6.6
,35000000.0,34806,2010-04-23,77477008.0,106.0,The Back-Up Plan,5.7
,3500159.0,455,2002-04-11,76578641.0,112.0,Bend It Like Beckham,6.2
,17000000.0,81836,2012-04-20,73244881.0,111.0,To Rome with Love,5.6
,45000000.0,13499,2005-11-23,72028752.0,90.0,"Yours, Mine & Ours",5.7
,14600000.0,137,1993-02-11,70906973.0,101.0,Groundhog Day,7.4
,25000000.0,12620,2008-08-22,70442940.0,97.0,The House Bunny,5.6
239430.0,24000000.0,184098,2014-06-20,70181428.0,105.0,Think Like a Man Too,6.3
,40000000.0,11066,1992-06-30,70100000.0,117.0,Boomerang,5.4
,9000000.0,20453,2009-12-23,70000000.0,170.0,3 Idiots,7.8
248126.0,8000000.0,2619,1984-03-09,69821334.0,111.0,Splash,6.1
,35000000.0,11638,2005-03-25,68915888.0,105.0,Guess Who,5.5
,43000000.0,11812,2002-04-12,68696770.0,84.0,The Sweetest Thing,5.3
,25000000.0,7211,2007-10-26,68377859.0,98.0,Dan in Real Life,6.5
,16000000.0,83666,2012-05-16,68263166.0,94.0,Moonrise Kingdom,7.6
,75000000.0,3172,2001-10-12,67631903.0,123.0,Bandits,6.2
12087.0,50000000.0,11451,2005-06-22,66002004.0,101.0,Herbie Fully Loaded,5.1
,26000000.0,9454,1998-07-31,65705772.0,121.0,Ever After: A Cinderella Story,6.8
,6200000.0,9346,1983-08-05,63541777.0,98.0,Risky Business,6.4
,8000000.0,198277,2013-09-07,63464861.0,104.0,Begin Again,7.3
,26400000.0,148284,2010-10-01,62000000.0,155.0,Enthiran,6.5
,18000000.0,205022,2013-08-09,62000000.0,141.0,Chennai Express,6.5
,45000000.0,10879,1994-06-29,61947267.0,123.0,I Love Trouble,5.3
108693.0,15000000.0,11153,1983-07-28,61399552.0,98.0,National Lampoon's Vacation,7.1
,12000000.0,17130,2002-02-15,61141030.0,93.0,Crossroads,4.7
,7500000.0,19913,2009-07-17,60722734.0,95.0,(500) Days of Summer,7.2
143588.0,20000000.0,35688,2010-04-02,60072596.0,121.0,Why Did I Get Married Too?,6.1
,78146652.0,16558,2009-03-19,60000000.0,125.0,Duplicity,5.7
,35000000.0,49022,2011-05-05,59901913.0,112.0,Something Borrowed,5.9
,11000000.0,121826,2012-09-08,59520298.0,98.0,Quartet,6.4
351684.0,83000000.0,889,2000-04-28,59468275.0,90.0,The Flintstones in Viva Rock Vegas,4.4
,75000000.0,80585,2012-06-13,59418613.0,123.0,Rock of Ages,6.0
,50000000.0,12220,1999-10-13,58900031.0,95.0,The Story of Us,5.9
,40000000.0,38357,2010-01-12,58785180.0,102.0,Morning Glory,6.1
,30000000.0,11648,2005-07-21,58405313.0,98.0,Must Love Dogs,5.8
,6000000.0,10215,1998-04-23,58000000.0,99.0,Sliding Doors,6.6
,20000000.0,13497,2002-12-13,57588485.0,118.0,Drumline,6.2
,6000000.0,16781,2006-02-24,57231524.0,110.0,Madea's Family Reunion,6.0
,4000000.0,1879,1967-12-11,56666667.0,108.0,Guess Who's Coming to Dinner,7.6
,45000000.0,9981,2005-05-13,56070433.0,95.0,Kicking & Screaming,5.6
107473.0,5000000.0,27046,2007-12-21,55635037.0,125.0,The Irony of Fate. The Sequel,4.7
,25000000.0,9410,1998-01-19,55494066.0,111.0,Great Expectations,6.4
,22000000.0,280690,2014-07-25,55000000.0,146.0,Kick,6.0
,10000000.0,10466,1986-03-15,54999651.0,91.0,The Money Pit,6.2
,45000000.0,10478,1996-08-16,53854588.0,135.0,Tin Cup,5.9
,30000000.0,1262,2006-09-09,53653224.0,113.0,Stranger Than Fiction,7.1
,16000000.0,4951,1999-03-30,53478166.0,97.0,10 Things I Hate About You,7.3
449750.0,14000000.0,16085,1968-09-19,52223306.0,149.0,Funny Girl,6.9
,57000000.0,9621,2005-10-06,52034889.0,123.0,Elizabethtown,6.1
,20000000.0,19382,1988-03-25,51684798.0,106.0,Biloxi Blues,6.4
,20000000.0,12626,1987-12-16,51249404.0,133.0,Broadcast News,6.8
,6500000.0,11558,1976-12-03,51079064.0,114.0,Silver Streak,6.8
,16800000.0,229297,2014-07-25,51029361.0,97.0,Magic in the Moonlight,6.5
,7000000.0,287,1988-06-15,50888000.0,108.0,Bull Durham,6.6
,30000000.0,11431,2005-04-06,50451307.0,103.0,Fever Pitch,5.9
,16000000.0,13972,2008-09-12,50007546.0,114.0,The Women,4.6
,19000000.0,41210,2010-05-11,49830607.0,101.0,The Switch,5.9
,20000000.0,34016,2010-03-11,49779728.0,104.0,She's Out of My League,5.9
,50000000.0,4599,2004-05-27,49718611.0,119.0,Raising Helen,5.9
,12500000.0,222899,2014-02-14,49002684.0,100.0,About Last Night,6.0
,120000000.0,42888,2010-12-17,48668907.0,121.0,How Do You Know,4.9
,40000000.0,21539,1996-12-13,48093211.0,124.0,The Preacher's Wife,5.4
,20000000.0,12435,2007-08-24,47738099.0,106.0,The Nanny Diaries,6.1
,82000000.0,1850,1999-12-22,47434430.0,118.0,Man on the Moon,6.9
,8700000.0,41211,2010-03-17,47355187.0,105.0,Heartbreaker,6.5
,15000000.0,6961,2005-02-04,47175038.0,88.0,The Wedding Date,6.2
,30000000.0,243,2000-03-17,47126295.0,113.0,High Fidelity,7.0
419784.0,5500000.0,220714,2013-09-13,47000000.0,140.0,Grand Masti,4.6
,15000000.0,17127,1998-04-17,46905889.0,111.0,The Object of My Affection,5.6
,10000000.0,308,2005-05-17,45742101.0,105.0,Broken Flowers,6.8
,40000000.0,49012,2011-04-08,45735397.0,110.0,Arthur,5.3
,19000000.0,9413,1997-08-01,44332015.0,105.0,Picture Perfect,5.1
,30000000.0,339397,2016-05-11,43763247.0,96.0,Café Society,6.4
,8500000.0,272693,2015-02-20,43528634.0,100.0,The DUFF,6.8
124951.0,6000000.0,10019,1987-02-13,42721196.0,89.0,Mannequin,5.5
,35000000.0,9726,2006-09-09,42064105.0,118.0,A Good Year,6.5
,32000000.0,38073,2010-09-01,42045846.0,102.0,Going the Distance,6.0
,6000000.0,2897,1956-10-17,42000000.0,167.0,Around the World in Eighty Days,6.5
,62000000.0,12177,2008-06-20,41819064.0,87.0,The Love Guru,4.3
,31000000.0,11823,2004-09-13,41512007.0,98.0,Wimbledon,6.0
,18000000.0,10013,1986-10-05,41382841.0,103.0,Peggy Sue Got Married,5.9
,58000000.0,4942,2008-03-24,41299492.0,114.0,Leatherheads,5.7
,20000000.0,9895,2006-10-09,41237648.0,115.0,Man of the Year,5.8
,35000000.0,11622,1999-02-12,40263020.0,112.0,Blast from the Past,6.3
,32000000.0,20857,2001-09-14,40222729.0,106.0,Hardball,6.3
8936.0,50000000.0,9801,2004-11-10,40203020.0,108.0,Bridget Jones: The Edge of Reason,6.1
,12000000.0,184,1997-12-24,39673162.0,154.0,Jackie Brown,7.3
,18000000.0,918,1987-03-27,39321715.0,95.0,Blind Date,5.6
,12000000.0,9794,2006-10-06,38368909.0,103.0,Employee of the Month,5.4
43220.0,5000000.0,11452,2002-03-29,38275483.0,92.0,National Lampoon’s Van Wilder,5.9
,4000000.0,703,1977-04-19,38251425.0,93.0,Annie Hall,7.8
,28000000.0,10025,2006-05-12,38159905.0,103.0,Just My Luck,5.8
,9100000.0,8079,2007-11-07,37707444.0,170.0,Om Shanti Om,7.2
,20000000.0,33644,1998-08-14,37672350.0,124.0,How Stella Got Her Groove Back,6.0
,1000000.0,5769,1963-10-06,37600000.0,128.0,Tom Jones,6.1
,60000000.0,6280,1994-11-22,37000000.0,109.0,Junior,4.7
,20000000.0,13596,2008-09-19,36620508.0,101.0,My Best Friend's Girl,5.4
,24000000.0,2621,2000-04-07,36609995.0,115.0,Return to Me,6.1
,25000000.0,14177,2005-06-02,36351350.0,105.0,Beauty Shop,5.4
,30000000.0,59861,2011-06-30,36160375.0,98.0,Larry Crowne,5.7
,35000000.0,9541,2004-03-25,36098382.0,102.0,Jersey Girl,5.8
,48000000.0,11091,2001-10-19,35743308.0,132.0,Riding in Cars with Boys,6.5
,31000000.0,4587,1990-12-14,35419397.0,110.0,Mermaids,6.5
,15000000.0,19265,2009-06-19,35097815.0,92.0,Whatever Works,6.8
,3000000.0,10409,1992-08-20,33946224.0,94.0,Strictly Ballroom,6.2
,20000000.0,9655,2006-03-17,33889159.0,105.0,She's the Man,6.4
,15000000.0,10564,2000-04-27,33771174.0,120.0,Where the Heart Is,6.9
,24000000.0,14030,1969-12-12,33208099.0,146.0,"Hello, Dolly!",6.6
,30000000.0,4912,2002-12-30,33013805.0,113.0,Confessions of a Dangerous Mind,6.6
,30000000.0,4912,2002-12-30,33013805.0,113.0,Confessions of a Dangerous Mind,6.6
,10000000.0,7942,2007-09-06,33000000.0,100.0,"Run, Fatboy, Run",6.2
,9000000.0,12182,2008-10-03,32973937.0,89.0,Nick and Norah's Infinite Playlist,6.4
,20000000.0,38303,2010-09-24,32005248.0,105.0,You Again,6.0
,18500000.0,23082,2009-09-13,31912793.0,100.0,The Invention of Lying,6.0
,1800000.0,12919,1987-08-14,31623833.0,94.0,Can't Buy Me Love,6.7
,10000000.0,16555,2007-02-14,31609243.0,100.0,Daddy's Little Girls,6.6
353325.0,17700000.0,10956,2001-04-10,30987695.0,91.0,Joe Dirt,5.5
,13000000.0,34322,1985-12-25,30867525.0,107.0,Murphy's Romance,5.7
,16000000.0,2493,1987-09-18,30857814.0,98.0,The Princess Bride,7.6
,24000000.0,70868,2011-09-16,30551495.0,89.0,I Don't Know How She Does It,5.0
,20000000.0,63492,2011-09-30,30426096.0,106.0,What's Your Number?,6.2
,15000000.0,22309,2003-09-17,30238577.0,122.0,The Fighting Temptations,5.3
,28000000.0,11141,2004-04-04,30016165.0,90.0,Laws of Attraction,5.6
,19000000.0,25195,2010-01-08,29922472.0,100.0,Leap Year,6.5
,20000000.0,14736,2000-04-21,27728118.0,124.0,Love & Basketball,7.5
,8000000.0,37964,2002-10-05,27362712.0,109.0,Brown Sugar,7.0
,2500000.0,401,2004-07-28,26781723.0,102.0,Garden State,7.1
,1880006.0,10780,1987-12-16,26713187.0,106.0,Overboard,6.7
,2800000.0,41280,1981-08-21,26279000.0,87.0,Private Lessons,6.3
,37000000.0,222936,2015-05-27,26250020.0,105.0,Aloha,5.2
,8000000.0,225565,2014-01-29,26049082.0,94.0,That Awkward Moment,6.1
,10000000.0,15037,1998-06-12,25605015.0,100.0,Can't Hardly Wait,6.1
,18000000.0,253235,2014-07-20,25312387.0,94.0,And So It Goes,5.7
,6000000.0,16158,1999-07-16,25059640.0,106.0,The Wood,7.1
,3000000.0,284,1960-06-15,25000000.0,125.0,The Apartment,8.1
,2883848.0,239,1959-03-18,25000000.0,122.0,Some Like It Hot,8.0
,2515000.0,38731,1978-05-26,24000000.0,124.0,An Unmarried Woman,6.1
239766.0,13000000.0,1826,2005-06-15,23727301.0,129.0,Russian Dolls,6.8
,6500000.0,15144,1984-05-04,23686027.0,93.0,Sixteen Candles,6.9
,11000000.0,10646,2001-03-30,23430766.0,95.0,Tomcats,4.9
,12000000.0,14191,2006-03-03,23006849.0,104.0,Aquamarine,5.8
,8000000.0,14429,1999-10-01,22593409.0,91.0,Drive Me Crazy,5.8
,6000000.0,3573,1996-08-02,22231658.0,121.0,Emma,6.7
,25000000.0,1909,1994-10-01,22200000.0,97.0,Don Juan DeMarco,6.3
,35000000.0,14846,2004-08-06,22034832.0,111.0,Little Black Book,5.2
,13000000.0,31674,1989-02-10,22030000.0,109.0,Cousins,5.1
,10000000.0,2321,1988-08-19,21486757.0,104.0,Married to the Mob,5.8
,20000000.0,351819,2016-01-28,21164799.0,92.0,Fifty Shades of Black,4.3
,16000000.0,10571,2000-06-16,20627372.0,94.0,Boys and Girls,5.4
,17000000.0,23049,2009-02-06,20455276.0,95.0,My Life in Ruins,5.6
,35000000.0,10720,2003-05-08,20298207.0,101.0,Down with Love,6.1
,10000000.0,14071,2008-11-13,20000000.0,142.0,Dostana,6.4
,8000000.0,42618,1969-01-01,20000000.0,149.0,Sweet Charity,6.5
,14000000.0,12158,1995-10-26,19800000.0,100.0,Vampire in Brooklyn,4.5
,34000000.0,26602,2001-08-22,19693891.0,108.0,Summer Catch,4.8
,22000000.0,10878,2001-02-09,19351569.0,90.0,Saving Silverman,5.4
,5900000.0,247504,2014-01-10,19000000.0,161.0,Veeram,5.8
,6400000.0,118051,2012-07-13,18800000.0,144.0,Cocktail,6.2
,19000000.0,13523,2008-10-16,18755936.0,109.0,Sex Drive,6.0
,23000000.0,21349,1999-11-12,18653615.0,114.0,Anywhere But Here,5.9
,14000000.0,24137,1999-04-15,18535191.0,97.0,An Ideal Husband,6.3
,2000000.0,11561,1973-12-17,18344729.0,89.0,Sleeper,7.0
,5510000.0,74458,2011-09-09,18050000.0,139.0,Mere Brother Ki Dulhan,6.5
,13000000.0,144340,2013-03-21,18000000.0,107.0,Admission,5.5
,3230939.0,20049,2009-04-03,18000000.0,162.0,Ayan,6.7
,20000000.0,9842,2006-09-29,17807569.0,100.0,School for Scoundrels,5.6
,10000000.0,13067,2007-04-16,17500000.0,97.0,In the Land of Women,5.8
,20000000.0,9582,2003-01-17,17432163.0,101.0,A Guy Thing,5.3
,20000000.0,59860,2011-07-01,17425000.0,109.0,Monte Carlo,6.0
,350000.0,19053,1983-04-08,17343596.0,99.0,Valley Girl,6.2
,27000000.0,13092,2008-10-02,17286299.0,110.0,How to Lose Friends & Alienate People,6.2
,25000000.0,8051,2002-10-25,17000000.0,95.0,Punch-Drunk Love,6.9
,17000000.0,13476,2004-01-23,16980098.0,95.0,Win a Date with Tad Hamilton!,5.5
,29000000.0,12771,2002-08-20,16930185.0,100.0,Serving Sara,5.0
,40000000.0,16643,2002-04-26,16872671.0,103.0,Life or Something Like It,5.7
,8000000.0,9962,2002-01-12,16856124.0,93.0,The Good Girl,6.1
,14000000.0,49375,1980-06-19,16656125.0,112.0,Rough Cut,6.1
,28000000.0,58431,2016-02-04,16374328.0,108.0,Pride and Prejudice and Zombies,5.5
,25000000.0,13668,2006-10-20,16158487.0,111.0,Catch and Release,5.8
,4000000.0,254320,2015-10-08,15656193.0,118.0,The Lobster,6.7
,20000000.0,2612,1990-10-12,15379253.0,110.0,Mr. Destiny,6.1
,30000000.0,17813,2003-06-16,15368897.0,96.0,Alex & Emma,5.0
,18000000.0,19840,2009-07-10,15345201.0,102.0,"I Love You, Beth Cooper",5.2
86083.0,13200000.0,9037,1982-06-11,15171476.0,115.0,Grease 2,4.9
,3000000.0,236,1994-09-29,15119639.0,106.0,Muriel's Wedding,6.9
,17000000.0,19255,2009-06-05,14899417.0,98.0,Away We Go,6.7
,16000000.0,12657,2004-05-28,14822346.0,86.0,Soul Plane,4.7
,45000000.0,15566,2004-09-21,14793624.0,91.0,Surviving Christmas,5.1
,7000000.0,2074,1996-03-22,14702438.0,92.0,Flirting with Disaster,6.3
,1000000.0,320588,2015-11-27,14444999.0,95.0,"Hello, My Name Is Doris",6.5
,2000000.0,109513,2012-08-22,14400000.0,100.0,Hit & Run,5.5
,6000000.0,183,1989-12-15,14278900.0,100.0,The Wizard,6.1
,3000000.0,296360,2016-05-27,14016568.0,94.0,Love & Friendship,6.4
,3000000.0,38637,2008-11-14,14000000.0,169.0,Vaaranam Aayiram,7.5
,4000000.0,4808,1963-12-05,13474588.0,113.0,Charade,7.7
,6500000.0,8998,2006-09-07,13368437.0,88.0,Friends with Money,5.1
,15000000.0,17258,1987-09-18,13290368.0,81.0,The Pick-up Artist,5.4
,11000000.0,14434,2007-03-16,13196245.0,90.0,I Think I Love My Wife,5.0
,12000000.0,46889,1998-10-30,12902790.0,100.0,Living Out Loud,5.4
,26000000.0,31633,1991-04-05,12454768.0,116.0,The Marrying Man,5.0
,15000000.0,26555,1986-07-11,12308521.0,96.0,Club Paradise,4.3
,32745300.0,340101,2017-04-06,12173470.0,117.0,Their Finest,7.1
,250000.0,2255,1997-04-04,12021272.0,113.0,Chasing Amy,6.7
,1500000.0,804,1953-09-02,12000000.0,119.0,Roman Holiday,7.8
,3000000.0,84174,2012-08-06,11947954.0,87.0,Bachelorette,5.3
,10284523.0,2610,2005-10-21,11588205.0,104.0,Shopgirl,5.7
,20000000.0,10442,1993-07-30,11585483.0,93.0,So I Married an Axe Murderer,6.1
,12000000.0,6615,2007-10-12,11293663.0,106.0,Lars and the Real Girl,7.1
,30000000.0,9024,1993-10-01,11146270.0,94.0,For Love or Money,5.7
,20000000.0,171274,2014-12-25,11110975.0,148.0,Inherent Vice,6.5
,2300000.0,14467,2008-07-04,11100000.0,155.0,Jaane Tu... Ya Jaane Na,6.7
,1300000.0,13986,1997-10-30,11000000.0,179.0,Dil To Pagal Hai,6.6
,4180000.0,15467,2008-07-18,11000000.0,153.0,Kismat Konnection,5.0
,3000000.0,21297,2009-10-02,11000000.0,138.0,Wake Up Sid,6.8
,6200000.0,341895,2015-05-29,11000000.0,165.0,Premam,6.4
,13000000.0,8952,2009-01-18,10652035.0,98.0,I Love You Phillip Morris,6.4
,15000000.0,10849,1985-03-01,10631333.0,82.0,The Purple Rose of Cairo,7.3
,7000000.0,12890,2008-04-11,10569964.0,95.0,Smart People,5.8
,15000000.0,12257,1998-11-25,10443316.0,93.0,Home Fries,4.8
,14000000.0,24940,2001-02-02,10424470.0,86.0,Head Over Heels,5.3
,10000000.0,11337,1980-09-26,10389003.0,89.0,Stardust Memories,6.9
,90000000.0,24113,2001-04-27,10372291.0,104.0,Town & Country,4.1
,25000000.0,40001,1996-04-19,10070000.0,105.0,Mrs. Winterbourne,5.5
,5500000.0,126250,2012-09-04,10016934.0,116.0,Love Is All You Need,6.2
,17000000.0,10644,1988-02-05,10006806.0,171.0,The Unbearable Lightness of Being,7.0
,2238813.0,6620,1954-09-28,10000000.0,113.0,Sabrina,7.4
,3200000.0,19064,1985-11-15,10000000.0,94.0,Once Bitten,5.3
,15000000.0,16222,2000-03-31,9902115.0,94.0,Whatever It Takes,5.1
,10000000.0,88005,2012-06-22,9636289.0,101.0,Seeking a Friend for the End of the World,6.3
,2400000.0,15864,2008-08-14,9600000.0,153.0,Bachna Ae Haseeno,6.5
,24000000.0,15019,2007-05-11,9576495.0,97.0,I Could Never Be Your Woman,5.7
,2500000.0,164,1961-10-05,9500000.0,110.0,Breakfast at Tiffany's,7.6
,3500000.0,11363,1996-08-26,9482579.0,96.0,She's the One,5.7
,23000000.0,22215,2009-02-10,9366227.0,86.0,Cheri,5.9
,4000000.0,11013,2002-01-11,9304609.0,104.0,Secretary,6.8
,1000000.0,113947,2012-05-02,9138338.0,98.0,The Sessions,6.6
106784.0,3500000.0,24686,2009-03-05,9112193.0,88.0,Love and the City,5.1
,6000000.0,47816,2000-03-01,9000000.0,82.0,3 Strikes,5.9
,18000000.0,16081,1967-12-19,9000000.0,152.0,Doctor Dolittle,6.0
,7000000.0,40794,2010-02-12,8220215.0,110.0,Loose Cannons,7.1
,6000000.0,13346,1986-03-28,8200000.0,108.0,Lucas,6.4
,14700000.0,12572,2008-09-06,8049666.0,103.0,"New York, I Love You",5.7
,13000000.0,58680,1998-05-08,8026971.0,84.0,Woo,5.5
,3768785.0,25209,1950-05-17,8000000.0,107.0,Annie Get Your Gun,7.3
,151000.0,43039,1960-05-24,8000000.0,91.0,Never on Sunday,6.0
,11000000.0,212716,2013-09-07,7847000.0,93.0,What If,6.7
,5000000.0,282296,2014-09-09,7527232.0,107.0,My Old Lady,6.1
,1644736.0,34106,1938-08-23,7433101.0,126.0,You Can't Take It With You,7.2
,15500000.0,37725,2006-12-26,7385434.0,95.0,It's a Boy Girl Thing,6.3
,7000000.0,14578,1999-08-16,7292175.0,96.0,Outside Providence,5.6
,2540800.0,872,1952-04-10,7200000.0,103.0,Singin' in the Rain,7.9
,1823152.0,19620,2005-01-01,7133082.0,137.0,Bluffmaster!,4.9
,3000000.0,18973,1960-12-18,7100000.0,91.0,Cinderfella,6.7
,1000000.0,9261,1993-08-04,6933459.0,109.0,The Wedding Banquet,6.8
,19000000.0,50725,2011-03-04,6928068.0,97.0,Take Me Home Tonight,6.2
,2500000.0,157386,2013-08-02,6854611.0,95.0,The Spectacular Now,6.8
,6000000.0,15256,1999-02-26,6852450.0,101.0,200 Cigarettes,6.1
,15000000.0,11448,1995-09-13,6700000.0,95.0,Mighty Aphrodite,6.7
,2686000.0,15875,1963-06-12,6600000.0,109.0,Donovan's Reef,6.0
,14000000.0,20009,2002-02-01,6413915.0,86.0,Slackers,5.4
294834.0,76000.0,5721,1968-10-15,6000000.0,70.0,Vixen!,5.5
,6400000.0,44566,2010-09-24,5900000.0,151.0,Anjaana Anjaani,6.1
,5000000.0,334533,2016-07-02,5879736.0,119.0,Captain Fantastic,7.9
,12000000.0,61178,1987-08-07,5669831.0,83.0,Nadine,5.5
,8000000.0,291270,2015-12-30,5659286.0,90.0,Anomalisa,6.9
,18000000.0,28117,1991-08-09,5546827.0,96.0,Delirious,5.5
,20000000.0,21755,2008-09-09,5530764.0,114.0,The Brothers Bloom,6.8
,200000.0,393841,2016-07-29,5500000.0,124.0,Pelli Choopulu,7.8
,38000000.0,14324,2007-12-17,5410749.0,93.0,Virgin Territory,4.3
,3200000.0,55347,2010-09-11,5332926.0,105.0,Beginners,6.8
,2000000.0,1378,2006-05-20,5179037.0,101.0,Shortbus,6.3
,15000000.0,36691,2009-09-07,5024782.0,90.0,Solitary Man,5.8
,12000000.0,31246,2003-06-20,4922166.0,90.0,From Justin to Kelly,3.0
,5000000.0,16941,2003-08-29,4856298.0,105.0,Intermission,6.4
,2300000.0,11807,2007-10-26,4600000.0,145.0,Jab We Met,7.2
,200000.0,10218,1996-10-18,4505922.0,94.0,Swingers,6.8
,2723903.0,2769,1951-08-08,4500000.0,113.0,An American in Paris,6.9
,325000.0,3078,1934-02-22,4500000.0,105.0,It Happened One Night,7.7
,5940000.0,51917,2008-03-28,4250000.0,117.0,A Whole Life Ahead,6.5
,800000.0,43212,2010-05-20,4214668.0,100.0,My Dear Desperado,6.6
,3000000.0,347031,2016-06-24,4210454.0,97.0,Swiss Army Man,6.8
,250000.0,50035,2001-08-31,4186931.0,91.0,Lovely & Amazing,6.3
,13100000.0,61400,2011-04-08,4100000.0,140.0,Thank You,5.7
,750000.0,84332,2012-06-08,4007792.0,85.0,Safety Not Guaranteed,6.8
,10000000.0,2210,1988-09-08,3916303.0,100.0,Earth Girls Are Easy,5.5
239766.0,5300000.0,1555,2002-05-17,3897799.0,122.0,The Spanish Apartment,7.0
,25000000.0,291328,2016-11-23,3885342.0,127.0,Rules Don't Apply,5.9
,3200000.0,50530,2008-12-04,3877492.0,86.0,The New Year's Rate Plan,5.6
124951.0,13000000.0,34376,1991-01-07,3752426.0,95.0,Mannequin Two: On the Move,4.6
,1500000.0,129139,2013-07-24,3566225.0,104.0,The To Do List,5.5
,3000000.0,10937,1987-09-02,3221568.0,100.0,Barfly,7.3
,609000.0,3080,1935-09-06,3202000.0,101.0,Top Hat,7.4
,4361898.0,321,2003-06-06,3031801.0,92.0,Mambo Italiano,5.6
,150000.0,39141,2002-11-01,2891288.0,78.0,Tadpole,5.5
,225000.0,34456,1933-10-06,2850000.0,87.0,I'm No Angel,6.3
,11000000.0,63020,1995-05-12,2832826.0,113.0,The Perez Family,6.6
,4437508.0,127501,2012-09-14,2804874.0,155.0,Barfi,7.2
,240000.0,139357,2012-10-19,2800000.0,127.0,Pizza,5.5
,5000000.0,45658,2010-10-15,2614773.0,97.0,Everything Must Go,6.0
,886000.0,20325,1936-08-27,2600000.0,103.0,Swing Time,7.1
,2000000.0,15186,2002-08-02,2506446.0,96.0,Full Frontal,4.8
,3000000.0,12709,1996-05-09,2503829.0,102.0,Ridicule,7.4
,93.0,50217,2011-01-28,2500000.0,107.0,From Prada to Nada,5.0
,860000.0,11240,1985-09-07,2451545.0,97.0,My Beautiful Laundrette,6.6
,4000000.0,8141,2007-02-09,2426851.0,90.0,You Kill Me,6.2
,2196531.0,26147,2005-12-30,2411594.0,107.0,FC Venus,5.6
,1000000.0,31016,2001-11-23,2402459.0,107.0,Sidewalks of New York,5.6
,1500000.0,9464,1998-01-20,2375097.0,110.0,Buffalo '66,7.2
,25000000.0,12404,2009-11-25,2336172.0,114.0,Me and Orson Welles,6.6
,450000.0,422603,2016-10-21,2300000.0,134.0,Aanandam,6.4
,439000.0,3062,1933-02-02,2281000.0,89.0,42nd Street,6.1
,1365000.0,1859,1939-10-06,2279000.0,110.0,Ninotchka,7.3
,4900000.0,156711,2013-08-15,2159041.0,97.0,Austenland,6.6
,10000000.0,73247,1981-12-18,2154696.0,79.0,Heartbeeps,3.8
,5000000.0,370755,2016-11-17,2152738.0,118.0,Paterson,7.0
,6000000.0,2293,1995-10-20,2122561.0,94.0,Mallrats,6.8
,1900000.0,82103,2000-08-17,2070806.0,104.0,"Me, You, Them",6.5
,450000.0,1812,1999-07-23,2049595.0,89.0,Trick,6.7
,3500000.0,2984,1967-01-05,2000000.0,113.0,A Countess from Hong Kong,5.9
,3000000.0,57701,2011-02-03,1957000.0,90.0,On the Hook!,4.7
,1884000.0,21185,1988-08-05,1883811.0,99.0,Vibes,6.0
,8000000.0,58232,2011-02-02,1749457.0,96.0,Chalet Girl,6.4
,1000000.0,22597,2000-02-01,1744858.0,94.0,The Broken Hearts Club: A Romantic Comedy,6.3
,10000000.0,29076,2000-02-04,1631839.0,101.0,Gun Shy,5.4
,220000.0,257160,2014-02-07,1500000.0,130.0,Ohm Shanthi Oshaana,6.9
,560000.0,13646,2008-01-30,1500000.0,102.0,"Moscow, Belgium",6.4
,6000000.0,4704,1975-03-01,1500000.0,118.0,At Long Last Love,5.6
,10000000.0,5185,1970-10-29,1500000.0,125.0,The Private Life of Sherlock Holmes,6.9
,1000000.0,25183,2009-07-31,1296971.0,88.0,Paper Heart,5.7
,6000000.0,1496,1991-10-18,1193062.0,91.0,Cool as Ice,4.7
,9000000.0,17926,2005-08-26,1046166.0,97.0,Undiscovered,4.5
259401.0,322000.0,28426,1942-07-31,1040000.0,81.0,Invisible Agent,5.7
,483103.0,73969,1927-10-31,1027757.0,80.0,My Best Girl,8.0
,800000.0,85277,2006-12-14,966214.0,83.0,Happy Family,6.0
,2800000.0,347979,2015-07-16,964206.0,95.0,Horoscope for Good Luck,5.0
,1500000.0,4927,1998-05-14,870751.0,99.0,Edge of Seventeen,5.7
,4000000.0,22279,1995-07-21,851545.0,113.0,An Awfully Big Adventure,6.0
,784170.0,111960,1948-04-06,834332.0,80.0,Miranda,6.8
,850000.0,15708,2003-07-10,819939.0,107.0,Latter Days,6.8
102008.0,500000.0,12795,2006-04-28,745327.0,92.0,Another Gay Movie,5.2
,18000.0,134474,1991-03-03,700000.0,150.0,Godfather,6.9
,3400000.0,54407,1985-10-04,660537.0,112.0,Bliss,5.2
,10000000.0,12779,2002-10-11,598645.0,89.0,Swept Away,4.8
,1070000.0,44807,1998-05-28,570000.0,95.0,Forever Fever,5.1
,8000000.0,10288,2006-09-07,426224.0,91.0,Fido,6.6
,65000.0,47607,2010-11-12,416498.0,99.0,Tiny Furniture,5.6
,5000000.0,13243,2007-09-07,346592.0,97.0,Meet Bill,5.9
,3000000.0,25719,1997-08-22,302204.0,109.0,Shooting Fish,7.0
,13000000.0,51333,2000-03-31,299792.0,93.0,Love's Labour's Lost,5.4
,10000000.0,20178,2009-08-20,295750.0,99.0,World's Greatest Dad,6.5
341455.0,400000.0,58333,2011-03-25,252000.0,119.0,Tanu Weds Manu,6.1
,250000.0,46336,2005-01-21,245000.0,71.0,Four Eyed Monsters,6.0
,3500000.0,330878,2014-08-21,179000.0,95.0,"Kidnapping, Caucasian Style",1.7
,9700000.0,272435,2014-09-10,154701.0,99.0,Gemma Bovery,6.2
,4500000.0,41556,2010-09-10,123820.0,95.0,The Romantics,4.8
,5000000.0,45225,1989-09-15,117463.0,100.0,The Big Picture,5.9
,160000.0,31522,1961-09-06,100655.0,84.0,A Woman Is a Woman,7.5
,2400000.0,244566,2014-08-15,88273.0,90.0,Life After Beth,5.0
,12000000.0,23478,2005-09-10,84967.0,92.0,Mozart and the Whale,6.5
,900000.0,46902,2006-04-08,82701.0,86.0,The Treatment,6.0
101471.0,2000000.0,28260,1993-10-01,54207.0,97.0,Return of the Living Dead 3,5.9
,8000000.0,333385,2016-02-29,34694.0,95.0,Mr. Right,6.3
,5000000.0,56928,2010-06-04,31649.0,98.0,Meet Monica Velour,5.5
,15000000.0,13501,2007-01-25,20380.0,93.0,The Good Night,5.7
,1500000.0,901,1931-01-30,19181.0,87.0,City Lights,8.2
,6000000.0,242042,2014-02-02,15071.0,90.0,Barefoot,6.3
,1700000.0,14167,2005-01-02,12762.0,90.0,Standing Still,5.7
,500000.0,34128,2009-01-01,11276.0,78.0,Peter and Vandy,6.5
,14000000.0,15888,2007-08-24,9216.0,94.0,Fishtales,4.0
,2500000.0,79070,2011-11-14,3358.0,98.0,Sleepless Night,6.0
,1.0,59296,2011-06-03,1378.0,90.0,"Love, Wedding, Marriage",5.1
,280.0,53863,1935-04-19,831.0,90.0,Star of Midnight,5.3
,1.0,39964,1999-04-23,100.0,95.0,Lost & Found,4.9
168182.0,5.0,15417,1978-12-19,85.0,110.0,Every Which Way But Loose,6.2
,8.0,14055,2006-09-13,21.0,92.0,Starter for 10,6.7
,118.0,37672,1978-04-23,19.0,119.0,"Same Time, Next Year",6.5
,23000000.0,14844,2004-01-09,12.0,111.0,Chasing Liberty,6.1
,10.0,217708,2013-08-30,11.0,85.0,Of Horses and Men,6.9
,130.0,73582,2011-08-31,8.0,130.0,Bodyguard,5.2
,7.0,38415,2009-08-09,7.0,82.0,Bran Nue Dae,5.2
,6.0,17402,1995-01-27,5.0,95.0,Miami Rhapsody,5.6
,344.0,50819,2001-09-29,4.0,104.0,American Adobo,5.3
,30.0,39472,1992-07-17,4.0,100.0,Man Trouble,4.7
,100000.0,57209,2010-12-12,0.0,106.0,Inadequate People,6.9
,1.0,46729,2005-10-01,0.0,87.0,Fetching Cody,6.8
,6000000.0,138697,2013-07-26,0.0,90.0,Don Jon,5.9
,35000000.0,77875,2012-11-29,0.0,106.0,Playing for Keeps,5.4
,5000000.0,57655,2007-01-26,0.0,90.0,Spin,5.8
,175000.0,136466,2013-08-23,0.0,81.0,Sparrows Dance,7.5
,700000.0,86577,2011-04-09,0.0,75.0,Happy,7.1
,1100000.0,301229,2014-10-18,0.0,96.0,Muffin Top: A Love Story,4.4
,15000000.0,121936,2012-06-27,0.0,110.0,Happiness Never Comes Alone,6.2
,4000000.0,158150,2012-07-21,0.0,0.0,How to Fall in Love,5.2
,750000.0,201485,2013-06-18,0.0,92.0,American Idiots,4.3
,380000.0,31821,2002-01-01,0.0,102.0,Now You Know,5.7
,20000000.0,17806,2000-01-01,0.0,95.0,Forever Lulu,5.1
,4.0,68202,2011-06-29,0.0,83.0,Without Men,4.6
,2500000.0,194722,2013-05-17,0.0,101.0,At Middleton,5.9
